0.10243,0.18415964583544306,
0.20082,0.14391867782667506,
0.18324,0.18827131260098853,
0.3941,0.3030587292874524,
0.1396,0.20090441258138708,
-0.0,0.11206495242103424,
0.093008,0.15719566814963593,
0.28505,0.27133116170267146,
0.24953,0.2108662816411223,
0.29755,0.28240834290806727,
0.41251,0.2893740852845748,
0.1317,0.15874774291505667,
0.19917,0.1323284487670259,
0.017377,0.22575839770267128,
0.13152,0.29647162334561344,
0.41615,0.2844336453143503,
0.12607,0.14348888957469122,
0.29398,0.227907738997337,
0.15242,0.2735754434507505,
0.42116,0.27955607393533405,
0.40023,0.30494965163748783,
0.12954,0.11464715025335082,
0.37437,0.30104546438090635,
0.19728,0.12719044215588704,
0.38732,0.3068925360363894,
0.20297,0.18565667577270456,
0.1472,0.2407348211722119,
0.3499,0.3222564725096246,
0.39381,0.29519299936568644,
0.38426,0.3096392300800729,
0.14373,0.12804635731078687,
0.34826,0.2814062092168136,
0.13162,0.14082693372202865,
0.26156,0.2873190063317989,
0.12532,0.09527032275223588,
0.38818,0.2945994017419079,
0.254,0.2569808593543214,
0.24341000000000002,0.28148096027131897,
0.39765,0.2992079274961798,
0.41082,0.2871607919027567,
0.14982,0.11982166035513248,
0.16406,0.1277579445944489,
0.12354999999999998,0.15457137685457492,
0.10061,0.09280390727570544,
0.40313,0.2881660698030377,
0.13316,0.13985013992710832,
0.20788,0.25241778574173995,
0.36041,0.32508494641029684,
0.15231,0.21354624661183594,
0.11709000000000001,0.15176894558531048,
0.33621,0.280515338332278,
0.31062,0.27545011274641085,
0.3977,0.24080823812271274,
0.09744,0.11759278316119685,
0.19279,0.1809680121772886,
0.14964,0.12495820756343227,
0.37407,0.2833134493093695,
0.3954,0.29558156365511207,
0.12390999999999999,0.12669394059208566,
0.41377,0.30747703145192945,
0.1439,0.1500175134613524,
0.17923,0.1256959738521606,
0.31279,0.28193864978149014,
0.065498,0.11873781448046855,
0.26098,0.24717856245118905,
0.35223,0.30756727772098175,
0.4171,0.29741159725039523,
0.04112,0.0755674017257423,
0.27289,0.3030267936912786,
0.17681,0.16208449918007858,
0.14535,0.1905828701937527,
0.081473,0.29445665036377744,
0.42703,0.2738864969069874,
0.41144,0.3108488448785848,
0.10046,0.1863905104045367,
0.020604,0.14749208281300416,
0.21887,0.18889300208023238,
0.22931,0.2604092606130281,
0.17225,0.28076480862990105,
0.14248,0.17082686155609705,
0.071843,0.10146064977227602,
0.16555,0.20337562498839412,
0.069309,0.09913850920327909,
0.2124,0.2358444637553753,
0.12144999999999999,0.13170321613379782,
0.17409,0.18771919351538016,
0.19518,0.13619847326385356,
0.043865,0.31506113446523765,
0.1014,0.08463873501321231,
0.1478,0.12231354071245383,
0.33485,0.25635191278805197,
0.21037,0.22658935010871997,
0.21209,0.23476509902638007,
0.36196,0.26258813250563784,
0.16289,0.14239809514371554,
0.21346,0.1714333853110658,
0.13005,0.12790052082505868,
0.10414,0.1462652767632769,
0.30584,0.28121061518024454,
0.17207,0.18443022126860892,
0.24342999999999998,0.24279679201506335,
0.11337,0.15751236704785748,
0.11605,0.2161857466677322,
0.089292,0.12380120050755757,
0.38147,0.2716215811718277,
0.07055,0.08665041102437691,
0.42794,0.2958837622403051,
0.36686,0.24357119449943687,
0.26766,0.26522410701376514,
0.37453,0.28132598270958653,
0.14187,0.1255023164942124,
0.096579,0.11975644375851803,
0.15407,0.17517224178339627,
0.14778,0.18908924634330748,
0.20949,0.14283423999424888,
0.13987,0.0782822547357143,
0.42954,0.3050134797061851,
0.42827,0.2696698246099811,
0.14457,0.1623063373968488,
0.12724,0.15815175958487135,
0.1837,0.166530008419465,
0.08865,0.09305634511008481,
0.03782,0.11694338883254746,
0.13042,0.10810851615521638,
0.14202,0.10978803078168645,
0.16984,0.1856179786045586,
0.21118,0.2387739201565377,
0.075464,0.11808870172882972,
0.19444,0.19293675434477248,
0.06963,0.1760401434202906,
0.10226,0.12984504155030588,
0.39763,0.29907613636471053,
0.17937,0.13404870102306427,
0.070974,0.0842201554011424,
0.42081,0.3061891633825132,
0.1074,0.1123394974640806,
0.28588,0.3180917365739791,
0.10331,0.12897001999166463,
0.24852999999999997,0.26508932071080893,
0.37503,0.2924511205670956,
0.17923,0.16166428818091755,
0.087518,0.11951306373674545,
0.29804,0.3151168114268201,
0.15021,0.09557478410330218,
0.15838,0.15661863930984335,
0.39454,0.3045382917352516,
0.15562,0.19244643719875804,
0.1806,0.2287498244414234,
0.12797,0.13170710401492186,
0.16758,0.2108286229150818,
0.13199,0.0892962219628974,
0.15597,0.18419655892866343,
0.40892,0.29902669038014773,
0.13246,0.1422631103602012,
0.1148,0.13337563849384676,
0.25821,0.21416597448354244,
0.3983,0.2890612720700172,
0.27571,0.26229006839936825,
0.19571,0.21383983806663767,
0.41747,0.3024468545224908,
0.093943,0.10776411787274288,
0.29985,0.2760450538905752,
0.39499,0.2805691013500176,
0.28701,0.3097931495975417,
0.17601,0.16362637155755705,
0.38529,0.31383951950940137,
0.15347,0.13621776546685208,
0.16251,0.10832007169217565,
0.33221,0.1547558658523551,
0.23223,0.23915752518123704,
0.13304,0.15020531573453458,
0.40395,0.302665440225697,
0.27002,0.25285311082493245,
0.15946,0.19017942021023287,
0.08643,0.3162211667715029,
0.34156,0.3102227414386005,
0.14093,0.29990766933519486,
0.29083,0.2732665359713945,
0.29242,0.3173421096833945,
0.28817,0.24936738366719124,
0.045559,0.12391911672673994,
0.39935,0.30064350926889316,
0.37723,0.2876268366599261,
0.16244,0.15976372898976043,
0.14404,0.1555594988774491,
0.30487,0.2821397961615592,
0.090234,0.0859124874433184,
0.33448,0.21299604479094045,
0.18749,0.2130025589594291,
0.031555,0.16358367930803713,
0.20267,0.184799007545595,
0.19146,0.19634767874149703,
0.34509,0.24894545082748562,
0.15783,0.17562191383013448,
0.41723,0.2954656744046525,
0.42002,0.2916807217513098,
0.1775,0.1793810328589148,
0.1574,0.19187913554747382,
0.34706,0.3161201729680545,
0.16523,0.13152570094736726,
0.15497,0.22812792491989106,
0.20383,0.2137789796724537,
0.14485,0.12926900526333773,
0.40446,0.30903955462906396,
0.12629,0.1399671863354433,
0.12654,0.1358346681238691,
0.39795,0.29197776993887026,
0.039075,0.08014255671769657,
0.1302,0.10277596269642722,
0.33029,0.22838553264323144,
0.12624,0.14449992707142653,
0.11052,0.11363233995800548,
0.1547,0.2487575809584827,
0.15557,0.16422958420303616,
0.035921,0.11944708976230091,
0.11753,0.08215348122134469,
0.18218,0.24745580359243763,
0.38309,0.2928938707454784,
0.13766,0.1904184406112962,
0.10305,0.16638180294902524,
0.1314,0.238726542849719,
0.18444,0.12609011312599436,
0.12818,0.16409189252481896,
0.11075,0.09423544646261522,
0.14063,0.11449751445044042,
0.13375,0.09754254465521883,
0.24963,0.21064183020902702,
0.089613,0.11232262172706663,
0.083137,0.16545665027230655,
0.15862,0.15446672527667754,
0.10578,0.08408913629572097,
0.16805,0.15060495525887,
0.075092,0.13036167077448998,
0.39647,0.25413130976813525,
0.18284,0.1882421104067374,
0.1805,0.18178487362224613,
0.25376,0.27076312899388894,
0.40434,0.3025289463161099,
0.41594,0.28598055966680935,
0.40407,0.29254194502236713,
0.26828,0.27261579033204947,
0.17889,0.2591305628233011,
0.25434,0.2686721266931891,
0.099134,0.10658474450324627,
0.16343,0.22343036865380342,
0.17559,0.1424604491183569,
0.045208,0.1796848583922514,
0.4341,0.2871948855639109,
0.085466,0.10626304517466534,
0.17439,0.1438112367522384,
0.12069,0.126118406814112,
0.38122,0.18667317732681699,
0.25608,0.31764884419156486,
0.27861,0.23466653654427705,
0.15484,0.2339623422791227,
0.064403,0.19508986150649027,
0.18949,0.1808600709234131,
0.14592,0.2905368029018679,
0.16499,0.150448626079421,
0.14434,0.15255536069071599,
0.35132,0.2526441908446913,
0.14006,0.11935962202233968,
0.11969,0.22195893152660248,
0.36662,0.30088143708375836,
0.16557,0.10163416548700412,
0.13126,0.14961270321490439,
0.12294,0.17524527289672195,
0.38446,0.29381911335385275,
0.36862,0.2990266715550343,
0.38307,0.2877872672479209,
0.41338,0.30508696638826754,
0.13351,0.13436636794212573,
0.1319,0.13903407579501778,
0.081319,0.10537718310247692,
0.14104,0.16230444857073986,
0.12629,0.10314112583149734,
0.1823,0.21160666572515088,
0.13217,0.10709061049677189,
0.26728,0.2740301164466759,
0.11735,0.1561568449046059,
0.17214,0.1733693098017468,
0.28823,0.3203500817154546,
0.17397,0.16676000782857986,
0.40598,0.2710134599308314,
0.091833,0.08755527034007977,
0.13682,0.15697806514383053,
0.12037999999999999,0.14314682258833997,
0.1396,0.15407099191406226,
0.12366999999999999,0.15970515179669806,
0.26541,0.224379228806324,
0.17067,0.17163864732368617,
0.1617,0.16149901920657023,
0.12902,0.14284220432030514,
0.12002,0.16312569586093215,
0.26849,0.30005625264090446,
0.149,0.17088925875495847,
0.40206,0.3002932776366866,
0.19069,0.18744705358114894,
0.37839,0.31165418548118656,
0.10526,0.11638868717656996,
0.40993,0.2692793436162188,
0.11373999999999998,0.14334059810384783,
0.12300999999999998,0.16305380768650518,
0.10859,0.16848571191483158,
0.11694999999999998,0.11684829445670222,
0.14382,0.280763684028303,
0.16893,0.09759427389881527,
0.14148,0.2219433084350371,
0.12184,0.0847451187886661,
0.12478,0.12006739078395777,
0.27816,0.265445877821492,
0.14134,0.07938045215894886,
0.1674,0.15453091534716829,
0.15448,0.23137793122814132,
0.081553,0.134182542960581,
0.15486,0.17929075665037367,
0.27566,0.26995029718105545,
0.26655,0.23879790677457863,
0.14482,0.14232839004174924,
0.053678,0.2756289502749804,
0.032037,0.08717939595153955,
0.087796,0.18427217659517442,
0.14827,0.20248588739281556,
0.030314000000000004,0.09712908994308882,
0.098462,0.12800413696735718,
0.23618999999999998,0.2270586145888889,
0.24159999999999998,0.2512360933499104,
0.44131,0.2848470064754119,
0.19684,0.2194158801003833,
0.36272,0.3097439725921722,
0.37277,0.2983145134652017,
0.13885,0.13313246858776834,
0.37241,0.28791766707111327,
0.14052,0.1975809523159087,
0.16471,0.17456920579420254,
0.13213,0.15418510543701566,
0.13849,0.22328108578900324,
0.13235,0.1645113018101766,
0.12300999999999998,0.0927443723976852,
0.3665,0.25406164325769093,
0.38081,0.30528781687320744,
0.27097,0.2604861163771623,
0.12213,0.08199529168100618,
0.03514,0.10499788241892855,
0.12471999999999998,0.1613449123199441,
0.37532,0.3115731757286809,
0.13414,0.14451620884635413,
0.40855,0.2879299764785453,
0.38074,0.2961154412176134,
0.13807,0.08870083798545643,
0.41428,0.29075607957244215,
0.27816,0.278851090230555,
0.094315,0.10961275279403818,
0.10811,0.1296171488824326,
0.38531,0.27277193512014325,
0.11192,0.08800992843305701,
0.39154,0.30755316725040566,
0.39716,0.3078206960175089,
0.15991,0.16056479827206813,
0.15236,0.1309063090964117,
0.10561,0.12856132842089849,
0.40264,0.3065241653729829,
0.24428999999999998,0.24146532395705878,
0.3814,0.3093404137214691,
0.2807,0.31183012396071513,
0.21164,0.19242350321657833,
0.38921,0.29637891973900227,
0.40125,0.2617045920889341,
0.14287,0.2900983688912475,
0.25,0.24350183252210675,
0.1058,0.09946290441372671,
0.32558,0.28230731526288766,
0.39454,0.2587302595670765,
0.27992,0.2988096780116854,
0.34979,0.253209007321183,
0.13944,0.15768740924201666,
0.13206,0.08776426097233087,
0.1671,0.15701239759724797,
0.15491,0.09878833463521085,
0.26977,0.2475860115551922,
0.40603,0.307716334780706,
0.25366,0.2349151638169003,
0.22519,0.22448923007444446,
0.1636,0.23461914185853033,
0.13179,0.2276342167792676,
0.13789,0.12234073553989451,
0.039375,0.13211967037186464,
0.20264,0.14727950067466963,
0.34936,0.2494907680402572,
0.094162,0.1851364905394114,
0.19748,0.205415709951584,
0.087832,0.14516846671529043,
0.36859,0.28884150955165705,
0.19178,0.18497239546430533,
0.15761,0.1387953981570521,
0.14596,0.09533663344048102,
0.15379,0.1069399271662955,
0.19226,0.14604586693092336,
0.16686,0.16486544982847287,
0.16394,0.13059071737051225,
0.20536,0.22383866770153268,
0.13935,0.1600312763917327,
0.16012,0.11571810937332856,
0.27471,0.2840412871014685,
0.25637,0.2618310448024314,
0.12308,0.14352793079221984,
0.1017,0.13277665080909912,
0.35315,0.24190185291638286,
0.32695,0.2039704897451607,
0.17839,0.22049580213938424,
0.23570999999999998,0.2398111559817103,
0.37165,0.31155326357158447,
0.12257,0.15458010980032327,
0.08808,0.09711741973699836,
0.38153,0.3201848581413075,
0.27566,0.18736157687818603,
0.13682,0.20579808823245568,
0.14456,0.16004765043887176,
0.11571,0.20702195362600107,
0.18735,0.16554978999706518,
0.16191,0.19914876607259852,
0.14556,0.2973399543477952,
0.08497,0.11850961402797255,
0.1491,0.19180653032621278,
0.15369,0.1340219985724984,
0.27796,0.2724166961746758,
0.079399,0.12298213860396984,
0.022991,0.16915880018939358,
0.15245,0.17424732452358505,
0.095878,0.15170090465461286,
0.36432,0.30956997824701643,
0.17615,0.1515400567810478,
0.099996,0.1002441795505337,
0.20205,0.1843304234720614,
0.12039000000000001,0.1033632228097373,
0.40394,0.2708326467010939,
0.041039,0.08041188935957808,
0.18383,0.1982823151966272,
0.32929,0.28028746589431164,
0.04166,0.13345938021454254,
0.18707,0.25357161993947186,
0.31706,0.27940377222229934,
0.10936,0.10277605422009613,
0.29131,0.2734117530581834,
0.29028,0.27915623025978903,
0.14831,0.2658317820599551,
0.19541,0.25600158906227455,
0.17158,0.14610639956954335,
0.18667,0.2037556033817346,
0.10223,0.2205017402594732,
0.10557,0.21116567007571788,
0.18859,0.1995973133385102,
0.27514,0.2733727323213742,
0.14398,0.17928144932751955,
0.20065,0.27071270447289675,
0.42458,0.29438119494297643,
0.22848,0.21378139557646003,
0.34076,0.24815302235781425,
0.2077,0.13692653067288008,
0.12478,0.15539557610432866,
0.39798,0.27661697434911253,
0.35375,0.28494626167281156,
0.23983,0.2703399329855213,
0.11204,0.12885669933225297,
0.41778,0.20083717175353175,
0.14713,0.15650151914989388,
0.020691,0.1715296438414031,
0.18981,0.19637879632029653,
0.35324,0.2819514037901022,
0.12883,0.19323610691001689,
0.035096,0.14073459370666833,
0.029898,0.2642553573150059,
0.37905,0.31196561031063563,
0.3335,0.22903703567622388,
0.16592,0.21647820143742066,
0.41722,0.2857063741185647,
0.17872,0.15994539816603703,
0.15629,0.1147954510632788,
0.11728000000000001,0.10965823863797296,
0.16617,0.16819762133531327,
0.34152,0.24603986085162433,
0.029663999999999996,0.09533985567906177,
0.25573,0.26072458881556293,
0.22274,0.25918750345265396,
0.28019,0.2695116479799084,
0.22874,0.2212085113017182,
0.32604,0.2826669658381335,
0.082641,0.12062113541652185,
0.37878,0.2552961660179753,
0.16519,0.11062181732210319,
0.14715,0.232496608539161,
0.17,0.13036320419225222,
0.16018,0.2409551173017336,
0.16427,0.10693104263554525,
0.048808,0.25844498014546413,
0.43686,0.3058208564540446,
0.18037,0.20558295730707093,
0.223,0.17507826042335456,
0.13803,0.11911179544467178,
0.34583,0.3084046425138994,
0.13666,0.10436578747968676,
0.20699,0.132947600037926,
0.11448999999999998,0.14509241517002902,
0.2722,0.26302796363873815,
0.092556,0.11490421763816161,
0.12876,0.16950320567294858,
0.13238,0.20017042244135927,
0.17412,0.19846608352329728,
0.14921,0.13549362569633328,
0.2798,0.22320359616410587,
0.03441,0.09964243079851709,
0.085401,0.12774579232965283,
0.20765,0.22345180068648438,
0.3114,0.28167172921829475,
0.22304,0.2245314182980932,
0.16802,0.1919481494098877,
0.085912,0.08071985509048203,
0.092045,0.11192190646338628,
0.40582,0.30370835100471943,
0.12709,0.08055354977125155,
0.12157,0.18948074990490493,
0.24521000000000004,0.2422302934472819,
0.14871,0.29725420399566577,
0.20252,0.2051558321628771,
0.12162,0.1451644834033993,
0.19409,0.2547038051560077,
0.19979,0.20576193698995773,
0.40224,0.28825224156480733,
0.23863,0.24198596442464915,
0.13938,0.30023568607213397,
0.2091,0.14341377172496664,
0.21916,0.2542523736402774,
0.051005,0.2873640705033256,
0.13021,0.2389683018571631,
0.29791,0.24345172100352117,
0.20004,0.19412171876899775,
0.27018,0.24294349508857777,
0.11621000000000001,0.09195454086140505,
0.088328,0.10785491133663681,
0.096126,0.1363302216500221,
0.031745,0.10058056597024997,
0.1041,0.11126277285631578,
0.2686,0.25262874538438695,
0.37466,0.3001645848587869,
0.23175999999999997,0.181224864149662,
0.096068,0.10451001049917215,
0.15325,0.08940615964571277,
0.33548,0.2390513089787282,
0.34232,0.25747581177408724,
0.10198,0.09534246509153388,
0.12315000000000001,0.13250177736442859,
0.14741,0.11422437980268649,
0.14366,0.2578312252387746,
0.17229,0.16053306979646034,
0.15967,0.1256455079639522,
0.10388,0.10471864762810222,
0.14561,0.22047542340059206,
0.14547,0.1933475386745341,
0.1389,0.18074533409995766,
0.1168,0.18647895345783938,
0.093651,0.08715005027689213,
0.10957,0.13161926418543957,
0.23490999999999998,0.23253669524793566,
0.043084,0.16719133245590362,
0.19613,0.25553700180038913,
0.14666,0.19993716054515318,
0.02678,0.2918899520624294,
0.2618,0.2724728769339545,
0.18657,0.1356842873705089,
0.039068,0.0983149050353424,
0.11115,0.11822096736406305,
0.029832000000000004,0.1268738882378824,
0.14452,0.16582576926684062,
0.09295,0.1262197996010457,
0.16926,0.22721451001188778,
0.073215,0.11109376230133643,
0.20098,0.2740846741516345,
0.32153,0.24321711535323656,
0.12236,0.16991196088397859,
0.18546,0.1911788734706608,
0.38634,0.3001317748534606,
0.23036999999999996,0.238435279400539,
0.38556,0.29824852063017343,
0.272,0.2566528364291784,
0.3838,0.3055400420220682,
0.15407,0.1715013422043991,
0.18405,0.19155279266683115,
0.079049,0.08819241670480912,
0.32134,0.2816810579993369,
0.42971,0.28749321300790426,
0.14389,0.0901522790854921,
0.38356,0.3213742741701796,
0.11466,0.13974724339243128,
0.28785,0.2986307264562194,
0.034191,0.12754304921159929,
0.41875,0.29582251719735747,
0.30747,0.2612148791593897,
0.12673,0.14137394608731169,
0.18571,0.20961167106546158,
0.11023,0.1555437019603535,
0.17688,0.13959289168700267,
0.13006,0.17291852545532316,
0.29492,0.3192236388941964,
0.083532,0.3016398715790034,
0.16557,0.17673791730240312,
0.13037,0.14135297161194926,
0.19238,0.1978984450829981,
0.11892,0.11422726304429986,
0.42379,0.2956844364021269,
0.022684,0.107449501244425,
0.13346,0.14561442427968127,
0.12162,0.15001849761811642,
0.133,0.13752593737793564,
0.2888,0.309710329307301,
0.27879,0.2710642555738811,
0.16973,0.19103511261099052,
0.40187,0.24375236567424718,
0.16875,0.19297814732668914,
0.32228,0.2543508176475817,
0.18105,0.1707612412155347,
0.18064,0.16249274120272214,
0.2025,0.14709559050109566,
0.10391,0.14205320245249917,
0.12973,0.11062356236104136,
0.20562,0.22024467921634433,
0.29798,0.27127012350605717,
0.16156,0.2390361622661919,
0.15722,0.13509144554257174,
0.077464,0.08047537910880895,
0.094359,0.12540028274340997,
0.172,0.1728749828977938,
0.39002,0.2886507977855861,
0.33199,0.3003423492137323,
0.11497000000000002,0.12815716250438627,
0.33139,0.23777194117796369,
0.18514,0.19539370337708648,
0.38745,0.29485531456498465,
0.092315,0.07977997343745269,
0.212,0.2142690581774129,
0.15775,0.13420440278457485,
0.16857,0.1492372394251753,
0.016493,0.1952092009694986,
0.2026,0.16823005989367804,
0.087146,0.13293801151612586,
0.10792,0.1279481420282458,
0.21995,0.2534916105764067,
0.22921,0.29786298878116363,
0.35019,0.2810985960784614,
0.093155,0.13064992631973255,
0.40677,0.3017976892880282,
0.2524,0.24428435739120893,
0.22942,0.2580093214600411,
0.19201,0.27226203630263224,
0.14013,0.08244648274695807,
0.16722,0.21149793296205813,
0.042828,0.09078849152893094,
0.086744,0.09025575263248534,
0.11046,0.14818089655304859,
0.38796,0.20988802202415394,
0.39082,0.2819668773937744,
0.15672,0.1723704584986006,
0.13827,0.19260782412330205,
0.3542,0.28301584301567334,
0.10157,0.07842817137454557,
0.017041,0.1957329107305776,
0.18767,0.2416574902153093,
0.21925,0.22478527621710537,
0.39141,0.3000170420911235,
0.33114,0.23960964546295807,
0.12063,0.0819899906602261,
0.1549,0.1690784111928401,
0.047216,0.3084608821443608,
0.13923,0.11066840403207556,
0.12045,0.19434444520385336,
0.42181,0.30615381576655565,
0.13803,0.12341533057282435,
0.013938,0.09196490112957431,
0.1594,0.31350762886511657,
0.21489,0.22235306614798844,
0.14557,0.16150704650744324,
0.29737,0.3080010140090712,
0.13787,0.18567089325063474,
0.13856,0.174757488925064,
0.2151,0.18204855682504728,
0.10849,0.0896627997208093,
0.13795,0.14200735000707504,
0.10898,0.12985257613927725,
0.18048,0.2167328005035239,
0.092096,0.15181874563353687,
0.13537,0.17380943929540224,
0.15579,0.17004334444900607,
0.2017,0.17155349924112812,
0.13727,0.18516088478480888,
0.2365,0.2679975665588052,
0.14096,0.27911705604187353,
0.014799,0.09751240208173406,
0.17191,0.1619903314881868,
0.097681,0.14174857072598557,
0.13761,0.1432843105963576,
0.41678,0.29388685574692736,
0.13227,0.15056248993260224,
0.3784,0.2726704558713754,
0.15118,0.12924612970091143,
0.45341,0.302010750060096,
0.20823,0.15158055247056398,
0.099448,0.13030799279477387,
0.23534,0.25988737403801687,
0.13469,0.15187309138888164,
0.12589,0.09522492149174314,
0.20723,0.23093056180016638,
0.11039,0.13655046680974556,
0.22536,0.25427509629660544,
0.1109,0.13316830505144733,
0.16421,0.16984616327971502,
0.18069,0.1921727983578525,
0.10623,0.08356177927727793,
0.14148,0.11354436416073685,
0.40834,0.309769720713751,
0.13203,0.1849750925236885,
0.37548,0.30532814294913485,
0.20056,0.26885883410160866,
0.13241,0.15131021359776747,
0.24003000000000002,0.20344591888406885,
0.40997,0.30291823044588717,
0.12593,0.21747646080974448,
0.1317,0.18472083445528767,
0.11001,0.13894035874634253,
0.01423,0.09335661953407096,
0.097667,0.14037890053127294,
0.15118,0.18487437237878906,
0.38747,0.2699997923157478,
0.11540000000000002,0.10230183772715229,
0.17229,0.13401259675865687,
0.055079,0.3165750236814856,
0.14021,0.14024503226652676,
0.087299,0.10847482110819676,
0.24298999999999998,0.24997216320942225,
0.11742,0.1333069399843391,
0.10726,0.12997927717980973,
0.29726,0.2712600727248009,
0.1135,0.14640740125126755,
0.225,0.23391337326250145,
0.16643,0.20751137697170577,
0.22294,0.22985612690913565,
0.22734,0.22892620625285365,
0.15706,0.17283587303311246,
0.1547,0.17652581670772347,
0.16267,0.1420237516037416,
0.31021,0.22396723801967894,
0.13338,0.2276254521721194,
0.32896,0.2082102385427614,
0.24861999999999998,0.2900272560488552,
0.19863,0.17771317473259116,
0.19018,0.1829997948288759,
0.23861,0.20023954761217777,
0.11089,0.07985898213467447,
0.17656,0.11600660726001648,
0.13884,0.1452071262944096,
0.42549,0.2890848516059226,
0.23477,0.2496387433621917,
0.096192,0.18558704202442258,
0.10001,0.15126102725332408,
0.20292,0.1299941924407971,
0.10979,0.16627588316098077,
0.12746,0.11719827763394183,
0.129,0.12993103991266117,
0.12015999999999999,0.154259984837934,
0.12023,0.1406642542837776,
0.16825,0.16300154748662027,
0.11570000000000001,0.11144365436747763,
0.12495,0.12756002692638232,
0.040265,0.229630270946992,
0.16633,0.17933972679631935,
0.12591,0.2595297221557808,
0.13975,0.27718859228139897,
0.086204,0.1116282201374691,
0.11011,0.1235394872977943,
0.14507,0.2164605673354797,
0.33631,0.23561541693697813,
0.15414,0.13523636961316404,
0.34584,0.2554994621403481,
0.040492,0.22230908980810835,
0.13154,0.21000252074046588,
0.13462,0.10196446908228146,
0.22996999999999998,0.24546343430116008,
0.21095,0.21393052941781537,
0.12845,0.13871658793906919,
0.14199,0.20082414501570414,
0.26023,0.26793099302729384,
0.29857,0.28313850223973847,
0.15974,0.23060804807866223,
0.19974,0.2024282584982538,
0.030831999999999995,0.1975103770880226,
0.37548,0.29179989355854513,
0.17156,0.22159306459960976,
0.34726,0.25629107948391355,
0.070967,0.31345247706379475,
0.14033,0.07882669812278995,
0.39491,0.27229134676521727,
0.12120999999999998,0.14623502662642593,
0.12047000000000001,0.14439908605578602,
0.17847,0.11214210731710089,
0.24384999999999998,0.262495027177168,
0.11658,0.11757813875345992,
0.15883,0.17613108137039934,
0.20169,0.16926609959935296,
0.04285,0.08928558336343072,
0.41591,0.3021926631180681,
0.18793,0.15070173646445092,
0.081487,0.11628471338774661,
0.136,0.19440694420249563,
0.10882,0.08057151090911488,
0.1438,0.12234598003331715,
0.28225,0.2962193287184821,
0.33267,0.28175255378792385,
0.028627999999999997,0.14817045920396407,
0.12311,0.12798017033466827,
0.12268999999999998,0.14138030282471786,
0.10991,0.1666384031040959,
0.40658,0.30102610579282224,
0.13539,0.19175763754234462,
0.39546,0.29732580202686204,
0.2464,0.2656034786409245,
0.38702,0.2882522673318825,
0.12578,0.23531984348207546,
0.11819,0.15413624890809907,
0.25111,0.27236656336350834,
0.027452,0.12553252839791304,
0.34062,0.30888377637048425,
0.1336,0.17440794295374895,
0.40184,0.28199816289829405,
0.14655,0.21663504927310948,
0.21551,0.2205718057357654,
0.038915,0.11990423702973771,
0.13542,0.17183558146260103,
0.37716,0.304883478566764,
0.16683,0.21757895853030662,
0.16463,0.18040816337048599,
0.076428,0.13053381300604425,
0.27549,0.3125779633999094,
0.18251,0.188682361476512,
0.25608,0.2975240875036447,
0.41329,0.29712980025849123,
0.11851,0.15446847258053492,
0.13576,0.2372425770336897,
0.33549,0.29813292037847905,
0.089562,0.08183961140533788,
0.13616,0.16780514354488346,
0.13646,0.21604487184151094,
0.39708,0.2837547957086626,
0.14752,0.24183519339392073,
0.0992,0.11070970523723779,
0.18095,0.20678365096744059,
0.12674,0.20531162361482966,
0.20574,0.23404079651543375,
0.20552,0.22784070642260895,
0.36223,0.301037381716427,
0.11659,0.14308332512328575,
0.020611,0.2548594108004003,
0.16214,0.16813207355537824,
0.20176,0.15410379541784885,
0.25461,0.27080639619646013,
0.19894,0.18529898500929087,
0.10669,0.11116163026293653,
0.081465,0.2673083797599081,
0.2742,0.32004687673512466,
0.1101,0.13798450353587852,
0.011974,0.19954691495003188,
0.17393,0.13993117489234627,
0.13975,0.14927183165829552,
0.21901,0.15518902373228172,
0.39286,0.2837363170811913,
0.13343,0.126790118529661,
0.11106,0.12589694425909703,
0.16357,0.258403412893159,
0.14802,0.12055081546780994,
0.099207,0.0784615796128576,
0.15572,0.1751629039184639,
0.41919,0.27773552361968473,
0.13403,0.14299164113856122,
0.43125,0.30435071273318653,
0.14498,0.21683932593231597,
0.27368,0.3172315140582982,
0.15973,0.2088924641139603,
0.097747,0.16273226264362517,
0.16671,0.14315222762575402,
0.1358,0.10007774513004422,
0.25532,0.2865599595495907,
0.12332999999999998,0.08714859228864019,
0.42355,0.23379543107492404,
0.10113,0.2529379121378328,
0.13245,0.19756756662239927,
0.17656,0.26915912428067956,
0.25417,0.2454473738911166,
0.063242,0.16130306928819213,
0.38613,0.30252306879516905,
0.087781,0.10989381552925827,
0.13216,0.16954451949231325,
0.38644,0.25701682682045507,
0.15957,0.15031805095792558,
0.2604,0.21198041281508098,
0.19418,0.12751045317017162,
0.18629,0.2712293921957882,
0.035929,0.08917578967448321,
0.41141,0.2560340011569789,
0.39216,0.2914565061449712,
0.3336,0.2396348133796705,
0.069652,0.10332164544847994,
0.23177,0.2724828177480682,
0.092373,0.13568835147669775,
0.31113,0.30487639085495766,
0.41855,0.2761877292815868,
0.15061,0.14000521696246326,
0.28293,0.319123374044583,
0.10284,0.11728725401725248,
0.12156000000000002,0.19090484164074942,
0.13476,0.088058986576983,
0.32036,0.2505282232285592,
0.090154,0.09068586846486425,
0.38939,0.2590388375868344,
0.13281,0.16408549690747354,
0.047968,0.10202303351985609,
0.10629,0.11657662935204906,
0.13387,0.1770053797988141,
0.14631,0.15765018506571227,
0.13406,0.13454463841504366,
0.1705,0.1305940336032132,
0.3938,0.309216190662514,
0.27197,0.270782602942565,
0.23100999999999997,0.26776050277182073,
0.23484,0.22718134201235196,
0.40573,0.26418506701832933,
0.18184,0.1942183554109913,
0.15816,0.12875001279719328,
0.1151,0.1283512950650503,
0.12576,0.2757801145779666,
0.28341,0.2790040962800417,
0.2123,0.22796241745523546,
0.12727,0.10501092680651149,
0.16215,0.13262976468818027,
0.40086,0.2866352243024227,
0.087379,0.08764696111787142,
0.16706,0.11215373382422388,
0.34217,0.31051226696308504,
0.24514,0.24327706345362726,
0.36414,0.24887485506741486,
0.081845,0.09780518764998729,
0.34928,0.24384378826278058,
0.15538,0.16552271191750398,
0.21072,0.1624645349725778,
0.20877,0.1395441166238803,
0.25971,0.2791607372515655,
0.39753,0.27932347863868295,
0.36633,0.2507461028873121,
0.14571,0.2215310072196655,
0.18463,0.16250502950849538,
0.14905,0.15920787651238702,
0.24729000000000004,0.219387076567835,
0.14391,0.12231005876506351,
0.40656,0.29899842120332065,
0.35572,0.26484129700524295,
0.082371,0.11293528807968066,
0.13756,0.10266267104171939,
0.10849,0.15819845947163205,
0.14484,0.18425050948299623,
0.09084,0.14051416811857173,
0.069338,0.2990723026419804,
0.16863,0.14690846639146124,
0.31766,0.27720195257966523,
0.16922,0.17871950020699304,
0.17233,0.15459875148211705,
0.092862,0.20607479631807804,
0.097579,0.2350210185265615,
0.11585,0.08840909868678426,
0.39862,0.26474322182044074,
0.091358,0.13967281571933926,
0.34896,0.2859980195306266,
0.078998,0.2053587998270361,
0.39841,0.30077847473081915,
0.37802,0.31897332077758456,
0.12829,0.2549057274634413,
0.017851,0.20662354247990983,
0.38302,0.2890385774134823,
0.087708,0.11154392150515298,
0.086934,0.10677157160249745,
0.15505,0.19444175795849936,
0.13201,0.2333102225630608,
0.37833,0.27695493377210556,
0.30784,0.28045036352308855,
0.24821,0.19891740172653283,
0.082831,0.09627063795035036,
0.16497,0.16463629478449243,
0.09092,0.08257866362634822,
0.13626,0.30451144277450054,
0.41139,0.2750786086986113,
0.16032,0.2519243758520211,
0.41817,0.3004819740358869,
0.15631,0.1608403603085953,
0.077859,0.09413016398349429,
0.41694,0.28793635944594176,
0.057627000000000005,0.10735128694578021,
0.090095,0.10245398775050832,
0.17066,0.1427386353226429,
0.37132,0.30881988410462163,
0.20411,0.27953376519330725,
0.27648,0.2799561769213508,
0.38227,0.2956327079753505,
0.22638,0.19290782763711156,
0.37714,0.2999743292420739,
0.23854999999999998,0.2860630867524308,
0.10797,0.15341311253766896,
0.22069,0.2271797701555717,
0.41861,0.21319061861951955,
0.11769999999999999,0.12162513997717161,
0.11191,0.1102020175562564,
0.10684,0.13479857345366458,
0.020735,0.2668943331064256,
0.40359,0.2679603388940438,
0.12586,0.09462742510656112,
0.19565,0.14627342560741938,
0.20201,0.2213314725565382,
0.086204,0.22414637221599798,
0.2184,0.2157895283176546,
0.37823,0.3188957492452951,
0.15387,0.13077149619308706,
0.4509,0.29889737410477685,
0.39689,0.2782197505906629,
0.13104,0.16605966718508708,
0.10673,0.183016995954482,
0.046566,0.24569838901238494,
0.40921,0.29609690152883456,
0.37877,0.28743782557716796,
0.043733,0.19396034088284328,
0.091775,0.11755741042601169,
0.1016,0.09202396744883748,
0.14575,0.1375263955636901,
0.24537000000000003,0.2694783359344315,
0.24856999999999999,0.2612701829384367,
0.31093,0.2819338176232344,
0.40076,0.29924608244820805,
0.14961,0.08844383674010674,
0.1248,0.17064425783626386,
0.20398,0.22454139042568516,
0.15762,0.19194540554856412,
0.17609,0.15973419146706805,
0.39037,0.299296562025691,
0.087971,0.10059489304746487,
0.091329,0.11722327840368667,
0.16947,0.23389927745894426,
0.39889,0.29737577874943916,
0.42012,0.3000084880817445,
0.11249,0.10585226849162274,
0.40214,0.2642666098886099,
0.23756000000000002,0.25538193827730993,
0.092833,0.09811483105386774,
0.34772,0.2709586263249902,
0.1013,0.1033822636570531,
0.42032,0.2923502128301216,
0.41709,0.30299152600828694,
0.16009,0.12358890681661645,
0.14384,0.15908638355776084,
0.1711,0.12815064823789954,
0.33737,0.2374572835628245,
0.43693,0.304919980813134,
0.084021,0.11188055035561605,
0.15865,0.17538240319899281,
0.2205,0.17397016349176062,
0.12240999999999999,0.1583037481577618,
0.094352,0.12542170088250754,
0.15132,0.12975667046608275,
0.13553,0.11364900837891453,
0.14899,0.15667662755109366,
0.33973,0.2462110751204779,
0.15569,0.1888330598202066,
0.16549,0.18935550456012096,
0.14236,0.1670417173429046,
0.085226,0.23022702933111605,
0.19396,0.2695367736335123,
0.20385,0.2692980970424264,
0.099368,0.16498666770908313,
0.28349,0.24768520365751162,
0.11291,0.12718179854042722,
0.13695,0.17291388234128868,
0.3966,0.3005790789806443,
0.24543,0.2430387780453834,
0.17876,0.15296086331214054,
0.37527,0.2917831633193178,
0.095411,0.11687335646162991,
0.13616,0.08878487999273894,
0.15423,0.29836934797703907,
0.11621999999999999,0.19550104769006954,
0.40965,0.2944880332787425,
0.40713,0.28957222080751605,
0.12719,0.13900694433019814,
0.1722,0.2577542383869756,
0.10138,0.13238981670295624,
0.059649999999999995,0.28765421011169945,
0.33599,0.2269706966424848,
0.22473,0.21131513751344957,
0.36948,0.21235293187591545,
0.018559,0.17388997054283534,
0.19047,0.2505882813885006,
0.10833,0.15710504116284135,
0.04204,0.18636127414922118,
0.24918,0.18791933420959625,
0.084043,0.09224144641775082,
0.12593,0.21083083615839748,
0.085218,0.1267502632453065,
0.24974,0.2503411708788751,
0.21028,0.15746691156884662,
0.41829,0.31210163275036773,
0.19375,0.13800218581856297,
0.20579,0.1514941493695017,
0.082831,0.10652256735642343,
0.28192,0.20019396845207893,
0.15634,0.1687209597077484,
0.060723000000000006,0.11913565101543233,
0.14172,0.10304999002296102,
0.23934,0.2239318034612335,
0.17973,0.18469063873149474,
0.12418,0.15089635259486764,
0.3845,0.2904868240001163,
0.39089,0.3046857810935867,
0.39857,0.282766423511614,
0.14027,0.25678337782735416,
0.42451,0.30432269748906593,
0.12661,0.2177968481869776,
0.057554,0.0800914319133358,
0.13316,0.14419799530640323,
0.125,0.21217691789455292,
0.10723,0.08733745917178738,
0.17269,0.12953202862389648,
0.04304,0.21533603111857527,
0.41181,0.31179929437868775,
0.24078000000000002,0.2782095303819611,
0.19205,0.2375257111869582,
0.28618,0.25143816894468324,
0.4152,0.29794822031299234,
0.24907,0.1513346178893371,
0.22844000000000003,0.23910119610902195,
0.13953,0.14137035607917134,
0.21838,0.16696824841746083,
0.10914,0.1329199673215656,
0.3675,0.31661904703602556,
0.21517,0.19238795907667944,
0.37379,0.310023554915371,
0.090767,0.07724226577075034,
0.15973,0.1247721892313209,
0.13746,0.17121938214520782,
0.13434,0.18372781646986794,
0.27865,0.3201550844168918,
0.23834,0.25216517917099857,
0.1551,0.1633031332655388,
0.039243,0.30386697709273125,
0.14512,0.15018301107624454,
0.37652,0.25202574295176017,
0.16247,0.09288814254983879,
0.15745,0.17993971382041113,
0.1709,0.16801863702645825,
0.14604,0.16601345463164868,
0.13273,0.10298640923709255,
0.1063,0.14461031441848896,
0.15367,0.09822340624237433,
0.44564,0.3016872604036427,
0.42827,0.28897124168577554,
0.15838,0.186741461529485,
0.091074,0.10228547828856425,
0.21597,0.20198279832699317,
0.42308,0.29725628379256946,
0.14902,0.18695296981073295,
0.36294,0.28521181657136824,
0.19902,0.15047282543293003,
0.097732,0.07833703814319229,
0.39313,0.22934848254557091,
0.29249,0.2712134868945721,
0.16489,0.11316297261363538,
0.39678,0.27461780618586407,
0.13482,0.20621710655113815,
0.19622,0.2546816231251178,
0.18778,0.1790398331019654,
0.27657,0.27385949178557206,
0.1294,0.13608481498339645,
0.16423,0.22199541984753765,
0.17039,0.15375652137777646,
0.14395,0.083787604738015,
0.14588,0.08471428816287938,
0.19053,0.20345728440561386,
0.26292,0.20874761816679668,
0.14267,0.18887375256590616,
0.1554,0.12496633600914575,
0.1031,0.12925177060340434,
0.15046,0.13369819188471987,
0.42084,0.29813873673664126,
0.38672,0.2616357252032767,
0.42914,0.30648902236074005,
0.15063,0.19005197534754326,
0.41471,0.29789552259842217,
0.20872,0.23194585819085925,
0.038623,0.11606371204511595,
0.40352,0.30387394465219436,
0.32959,0.2617652868048068,
0.18816,0.11635107737592547,
0.10747,0.1363350569382765,
0.27516,0.321373304646692,
0.01699,0.18895514612006795,
0.13936,0.13931771639374987,
0.1779,0.16909610496925215,
0.090154,0.10726694874158393,
0.35322,0.2877229939603437,
0.19534,0.15209575850703677,
0.13868,0.13865121079109582,
0.41193,0.299661432165329,
0.15626,0.18024694258895177,
0.38414,0.31718447496214647,
0.27863,0.31572415731166004,
0.13389,0.16209355799623643,
0.10554,0.1431054433305001,
0.26054,0.27245185308981473,
0.09936,0.10312651593633984,
0.18003,0.23980308608703851,
0.16527,0.16730556911069516,
0.10241,0.22090884558796403,
0.13465,0.15578865374010592,
0.27981,0.26309637079908493,
0.20276,0.1625996838560449,
0.13698,0.16459492065062678,
0.099324,0.14127263001460572,
0.090548,0.1391203774514315,
0.34563,0.2568077533657045,
0.19023,0.1549477004994049,
0.11291,0.13332268177248624,
0.40377,0.31085518900507697,
0.13454,0.12523722730153838,
0.17201,0.14876189982180896,
0.19546,0.21774565524473008,
0.19108,0.19206930945771622,
0.25819,0.272264880147677,
0.095067,0.08871930705810993,
0.15571,0.13208485573724685,
0.15586,0.16590711114126122,
0.14214,0.1575369799617402,
0.28219,0.28204144537602555,
0.27526,0.2506916538552534,
0.1609,0.24127893270091344,
0.13476,0.1949351633606592,
0.099506,0.1372653992918481,
0.18476,0.19396800894295269,
0.19551,0.21123734083963777,
0.17582,0.2305104796286397,
0.26772,0.27333305374681316,
0.27827,0.24458073394349056,
0.20439,0.26094636000989513,
0.12191,0.13989827010750958,
0.15901,0.16794393921593048,
0.14558,0.10994897034341668,
0.11432000000000002,0.12726164870519646,
0.24276,0.23019729994515697,
0.14514,0.15187104769110515,
0.4142,0.27766798236964624,
0.10974,0.21490452719207204,
0.1168,0.07918763182415486,
0.11386999999999999,0.14306527589229132,
0.23526,0.22459804257336316,
0.18591,0.20209312025267562,
0.14571,0.1517713240224329,
0.31868,0.28210097320161565,
0.40114,0.2994306027711158,
0.2003,0.13561072361969598,
0.0379,0.14628119442953455,
0.28162,0.2729208163298309,
0.14469,0.11592480317201646,
0.1178,0.22837446631368874,
0.11181,0.16705931648625244,
0.13473,0.17582974868403697,
0.097426,0.11092285750026604,
0.30075,0.22708650311262435,
0.15879,0.1832165967743301,
0.036045,0.11974819394691531,
0.37587,0.32195844934186524,
0.1729,0.18737762753451104,
0.14966,0.18119274877895533,
0.11439,0.10547330426641964,
0.39361,0.2759951676132652,
0.43428,0.2873467370359022,
0.26873,0.21652337187790294,
0.13711,0.09540693648965602,
0.34338,0.1985255032237082,
0.13441,0.19580901724211602,
0.19667,0.19053961452625584,
0.40769,0.27855745514519686,
0.15023,0.09181960794650756,
0.039404,0.2891682586130971,
0.075778,0.19177941010301566,
0.18681,0.20666111896896175,
0.20233,0.27419984207832404,
0.14826,0.1522507984606779,
0.28299,0.2790893230308615,
0.4003,0.2752511604371126,
0.12602,0.11754888640747274,
0.23941000000000004,0.27212984829160464,
0.11533999999999998,0.1684659369871373,
0.16024,0.1137658484997834,
0.052356,0.29900075235014184,
0.096352,0.14926422919399465,
0.37044,0.2831607190605261,
0.13868,0.19168304869043473,
0.21487,0.20826932055869699,
0.21681,0.18292854579447243,
0.35951,0.28710019319009006,
0.13994,0.286636302058727,
0.36577,0.28072414617013797,
0.18881,0.16017163875244073,
0.24652000000000002,0.26081440996068905,
0.11213,0.14160997435248923,
0.06232900000000001,0.288346000525046,
0.14364,0.09624152373695002,
0.22552,0.23679035024781178,
0.09095,0.12113085224228957,
0.1734,0.19033682510661204,
0.23532999999999998,0.11420793947445781,
0.16809,0.17408048642305973,
0.11511,0.09858928625985289,
0.16351,0.16074983810655236,
0.42397,0.3071032314162321,
0.14069,0.11028019062500624,
0.221,0.1988075012285879,
0.01323,0.09513681495845236,
0.21134,0.24531709923704803,
0.14953,0.17507206905109246,
0.097024,0.14513231135490287,
0.14423,0.13796978897301237,
0.41451,0.2909672047522934,
0.14674,0.1870429007374535,
0.38069,0.2646571259955987,
0.38466,0.199137917114931,
0.013171,0.0927103567396336,
0.12718,0.09706019820783586,
0.11336000000000002,0.13662847804016912,
0.41518,0.3104876526267356,
0.10695,0.2866109098376902,
0.089132,0.16383074572614797,
0.20426,0.12461224454800347,
0.15571,0.15832096579344684,
0.34357,0.2644821735662848,
0.046376,0.17927515806354172,
0.18099,0.2266797601811941,
0.14404,0.196944466112313,
0.40447,0.28984749839832663,
0.10541,0.08404972085830652,
0.22071,0.2794878309362771,
0.41751,0.3063380056155037,
0.15141,0.19398968926789564,
0.36573,0.3266125250020234,
0.13953,0.16133412587980597,
0.38221,0.2600670008317635,
0.10446,0.09232897563232889,
0.35245,0.23123985807519154,
0.40175,0.2622996519612187,
0.056788,0.2762540672064666,
0.041083,0.11833599630934483,
0.16765,0.14337637675148843,
0.39014,0.2366679568058035,
0.36322,0.3008304850361161,
0.19917,0.22595642036226782,
0.10316,0.11570502119761038,
0.19171,0.12502016718244574,
0.20572,0.20961923880529262,
0.39708,0.30009423657588163,
0.34067,0.28502296951722944,
0.40069,0.28819032549725315,
0.099638,0.0872747368570923,
0.12786,0.24084374160883543,
0.20957,0.1567570844066761,
0.14521,0.16139769660917316,
0.14182,0.1036751200698642,
0.16373,0.1785851409485266,
0.31906,0.28975930064288696,
0.22839,0.24245432607777082,
0.18288,0.27351845680948583,
0.15501,0.20288493412063838,
0.17006,0.20895575086397522,
0.12616,0.2149217352598201,
0.22797,0.19959159645103794,
0.37913,0.2844741231027326,
0.34768,0.319469515975928,
0.4339,0.2902336174711884,
0.20877,0.14462885566960504,
0.23287,0.23067933197050128,
0.14792,0.188277891323789,
0.12331,0.2046484078439603,
0.13027,0.09981356510275434,
0.031431,0.3103956283109271,
0.16119,0.10928177294815396,
0.23508000000000004,0.2685882382211331,
0.063315,0.09495452290925693,
0.38317,0.27908845750598793,
0.27589,0.22499311700097013,
0.39861,0.2951953182999011,
0.10617,0.1415897964774022,
0.09882,0.18811148385358592,
0.16186,0.21002419062328948,
0.057948999999999994,0.13303053325193223,
0.16053,0.19848323613359165,
0.37677,0.32418206476451705,
0.1081,0.08977516493688108,
0.27262,0.3134206070745581,
0.14747,0.08362098392949767,
0.23208999999999996,0.25936180448498813,
0.1336,0.1341057342909174,
0.17239,0.12258223625011673,
0.11621999999999999,0.08379057990171039,
0.17758,0.1747265474011653,
0.087445,0.08884511683607416,
0.27746,0.2588806353918273,
0.29889,0.27959242523412453,
0.27114,0.273665591092313,
0.17896,0.2746980614284867,
0.39684,0.27878360303286553,
0.14198,0.16552178880935775,
0.39651,0.3072778717393292,
0.35245,0.29150106828056266,
0.15663,0.1172523389446968,
0.058197,0.31633595448366286,
0.13719,0.16734111635812754,
0.40928,0.29407715482391367,
0.17295,0.13218490861763438,
0.096046,0.13846866426375656,
0.14473,0.14803562349966795,
0.040871,0.17999853724984477,
0.33034,0.23651289746638202,
0.28574,0.24336682968667778,
0.15244,0.10404580300837779,
0.42508,0.29965032582711965,
0.41076,0.30739962716919644,
0.031146,0.1198548189803838,
0.089278,0.10455463953801464,
0.40798,0.2933798638276474,
0.2678,0.3214959856084211,
0.039798,0.2960697741088695,
0.081816,0.2885083299229646,
0.40344,0.3003608576218926,
0.01431,0.2213053419097842,
0.19911,0.16784691037816113,
0.15085,0.1882293037395501,
0.25993,0.26595709111579846,
0.37818,0.2996547612752192,
0.14274,0.28727948946567294,
0.1726,0.11199146472039381,
0.24289999999999998,0.22953906383183517,
0.11388999999999999,0.13659467482233703,
0.044617,0.24816008891828517,
0.24839,0.2267565535991561,
0.096506,0.13933530219429197,
0.034067,0.13272945029536148,
0.44634,0.2921783302280494,
0.26783,0.23110127003604283,
0.10851,0.10168752754459616,
0.18596,0.2482813452485425,
0.11956,0.11097173573135184,
0.22991,0.22562982298868647,
0.36489,0.27790628955513363,
0.04304,0.10229741907485711,
0.037316,0.11121445647155813,
0.15234,0.11740807489045159,
0.36662,0.3213381076286836,
0.13139,0.18690179147238536,
0.096812,0.1430225822855812,
0.0811,0.29948787870276516,
0.38753,0.3031269310715908,
0.105,0.08569395340437073,
0.39911,0.3119093521005356,
0.13593,0.22736831893881188,
0.42275,0.29922674834678586,
0.12270999999999999,0.12575592267493746,
0.18082,0.1873918506063436,
0.20595,0.19992729191285633,
0.12345,0.14388955365153816,
0.35071,0.2450019795696765,
0.17678,0.2748547816371242,
0.04174,0.3127237865792346,
0.38391,0.28428415972531373,
0.4084,0.31046503926245195,
0.41429,0.2888498634838657,
0.41902,0.30774156934404673,
0.18915,0.2295251876710781,
0.096812,0.22814080125381556,
0.071821,0.2981931897067792,
0.12914,0.15016004371270605,
0.095995,0.09295585853519002,
0.29079,0.27894771196437784,
0.30376,0.31880424136743885,
0.16966,0.13882613843498565,
0.28851,0.29569176452152396,
0.26173,0.23826072029667092,
0.11696999999999999,0.14051187319780337,
0.27717,0.24947252816722595,
0.1076,0.1298482926110435,
0.18543,0.21363117971704507,
0.11638999999999998,0.200566962856895,
0.17794,0.15679378163933827,
0.14048,0.14195837479446363,
0.28003,0.2724891774706923,
0.33529,0.2816958876688083,
0.15341,0.12732437195354052,
0.40301,0.3007862415005941,
0.10551,0.15349778800575642,
0.10457,0.09134580746210973,
0.022217,0.21461273594005364,
0.036381,0.16010100898546265,
0.12206999999999998,0.12094856584285493,
0.15028,0.14198363612654497,
0.16325,0.2740203825600975,
0.098696,0.08010084543386341,
0.083072,0.10764667174578152,
0.15487,0.1695233552600176,
0.32905,0.2440543468648105,
0.33575,0.30796284442591604,
0.14463,0.13279003714261656,
0.21492,0.16889126830430062,
0.15535,0.26782007976235617,
0.38761,0.31013733606843774,
0.11231,0.1467473591784597,
0.19976,0.14771124158195767,
0.35281,0.2536053846586982,
0.20144,0.14515105054530686,
0.17877,0.23257274786148913,
0.39705,0.2907040703170814,
0.32918,0.2809439844287625,
0.1648,0.16901308174105031,
0.12529,0.189765212806509,
0.13254,0.10016376180743161,
0.18352,0.1754527479327491,
0.20077,0.22798395280755226,
0.13071,0.15670545546972106,
0.12326999999999999,0.1323665004137747,
0.34812,0.2822502188607412,
0.36769,0.31808162200006734,
0.13326,0.23228009407185043,
0.043478,0.16261169485495874,
0.4031,0.29992135180405854,
0.19325,0.1816767804553468,
0.091738,0.13170766045536558,
0.11333,0.1915828097665779,
0.37158,0.30840072330628115,
0.20505,0.148579533082154,
0.12843,0.1228828764144076,
0.044288,0.2047605344084615,
0.22104,0.21447714446537952,
0.061709,0.15729517963709472,
0.22638,0.23511498950361953,
0.40628,0.2976094802972202,
0.14196,0.2360954597558343,
0.42616,0.29773841554706537,
0.14152,0.17571666483217963,
0.14536,0.19800998629578467,
0.1047,0.16815532465738647,
0.2151,0.17726425854960887,
0.13205,0.19616980784788296,
0.3322,0.287034115384977,
0.11812,0.10265361020750492,
0.35483,0.28769686427244234,
0.20168,0.16381800577279126,
0.13398,0.2601881573543528,
0.029620000000000004,0.2904870197961795,
0.20076,0.14225630127699118,
0.14248,0.22324741157250963,
0.042565,0.20624522970026574,
0.15689,0.13577409319032946,
0.1311,0.16320967795150623,
0.12194,0.15091023144415916,
0.27429,0.24542787682016093,
0.11181,0.1684036015187433,
0.1015,0.09127364038782734,
0.36929,0.3062379356081375,
0.11512999999999998,0.12329217716554244,
0.15611,0.1562438035061436,
0.29773,0.24705275402553295,
0.28333,0.2985311790683844,
0.33504,0.2969214779605446,
0.39276,0.2986366242763554,
0.2454,0.26992317086320755,
0.059225999999999994,0.1295691081596989,
0.24272,0.16925330330025198,
0.04607,0.12380611230364268,
0.1881,0.16380753554324567,
0.026123,0.10157117811318878,
0.13919,0.18248027069705666,
0.15207,0.23661705169139383,
0.30485,0.22392690700539236,
0.20106,0.2165457014237921,
0.31855,0.2866665095094293,
0.10099,0.12263461002906416,
0.097725,0.12849492452587585,
0.12632,0.1905911982815273,
0.43977,0.2962219456320356,
0.021151,0.18464798819633624,
0.22775,0.1269402520238704,
0.12612,0.18539533265459437,
0.40287,0.27916542793080346,
0.22882000000000002,0.23398724079724925,
0.13449,0.12284441407498264,
0.16876,0.14824367677370567,
0.1459,0.14234658659451102,
0.4319,0.29033777568515184,
0.098484,0.13533983645266548,
0.17734,0.2696880250035277,
0.021867,0.17603746984408158,
0.034206,0.11306549063059036,
0.19955,0.2102937311661775,
0.11861,0.12573754252932398,
0.15306,0.15832511387702675,
0.1718,0.2121009837745695,
0.092016,0.13337888906384643,
0.10607,0.10823251797648066,
0.1334,0.24145062597737527,
0.28889,0.315994427201608,
0.14243,0.11855049385354491,
0.11742,0.12555554692768867,
0.37728,0.20898783820891856,
0.13518,0.08896151231587736,
0.43106,0.2977655780510925,
0.31678,0.2564161293771597,
0.25527,0.2882414644357994,
0.2698,0.18092729239176816,
0.1337,0.17693500135766776,
0.43302,0.28700457770007076,
0.27554,0.30705184833704774,
0.24766999999999997,0.2706854169198555,
0.10644,0.23296184803833492,
0.4085,0.2967023963909248,
0.25217,0.23487971593794396,
0.37181,0.30152194542526994,
0.029686,0.12936808205137174,
0.20312,0.22833828757141206,
0.17662,0.09329223350019954,
0.12169000000000002,0.10600451765460955,
0.041485,0.14163049842335262,
0.20189,0.16686871670808748,
0.1536,0.22262327286683795,
0.18313,0.18060826640419508,
0.11798,0.08753936784162492,
0.043507,0.14704688679508748,
0.1419,0.2372731499788909,
0.33538,0.3029706640766121,
0.36593,0.32318607674322175,
0.39415,0.29985057459410275,
0.11734,0.26277237979135676,
0.088664,0.07876176417346617,
0.16652,0.1584033573213513,
0.35158,0.22039313021630452,
0.12885,0.20904320159049447,
0.14131,0.13325251767171553,
0.16629,0.22250915477991323,
0.12749,0.1254422168687331,
0.2561,0.21484790897511638,
0.11242,0.10494915739341855,
0.13768,0.21461286034317223,
0.13326,0.08958626233326193,
0.10976,0.07949944060327796,
0.13326,0.13921663880634266,
0.15476,0.190623863789601,
0.39125,0.2826792881556476,
0.33854,0.27687771103505165,
0.35443,0.24773041625273245,
0.29974,0.24711006720531783,
0.10302,0.1719065442916974,
0.11685000000000001,0.0970420175532273,
0.060489,0.1136460875589148,
0.4024,0.2893463139987981,
0.15202,0.1264792428207243,
0.10746,0.14273312285905534,
0.37913,0.2903705613910634,
0.39327,0.29857218372587824,
0.1943,0.15503346809957927,
0.15827,0.21090666604895794,
0.42483,0.3004642938124755,
0.10117,0.09190920490953458,
0.39611,0.3099604319615569,
0.052487,0.08159717587311201,
0.10953,0.15688303529254383,
0.37529,0.3070112615584591,
0.094111,0.13207980129647945,
0.15418,0.14032132138037784,
0.13854,0.16881756644182072,
0.13406,0.17419110232220786,
0.43079,0.29890383620637456,
0.085474,0.11519311682987594,
0.20149,0.1261370712164328,
0.10571,0.12534954557086972,
0.29772,0.27936736248761246,
0.11581,0.1107391371969866,
0.075683,0.11630528667398611,
0.19752,0.1784565827281893,
0.065556,0.10176469631666561,
0.43604,0.29433615057983253,
0.26665,0.2718149471179499,
0.11926,0.1830701091397165,
0.39105,0.280584734257695,
0.39651,0.3003317610075398,
0.11745,0.14585382785986117,
0.098097,0.14115866778824093,
0.20626,0.2697467975027387,
0.044632,0.12280389150099674,
0.11315,0.17187687837320093,
0.31412,0.2191547689140218,
0.12988,0.1441814225724707,
0.16002,0.08335869448648811,
0.15303,0.17569120139759842,
0.14805,0.15033850885581052,
0.17682,0.2472909272355393,
0.10232,0.1373807210612027,
0.12848,0.11788439498122412,
0.16039,0.16552890208275686,
0.1879,0.2789653299802667,
0.39607,0.30699389284184503,
0.38155,0.2772110037343687,
0.16234,0.17345949175548556,
0.37392,0.3194226524531711,
0.35549,0.28599169481635034,
0.19584,0.19676871083482722,
0.045581,0.1978459931079545,
0.14469,0.15737740999175107,
0.22081,0.20757786439526135,
0.17049,0.1953382777822564,
0.1603,0.15018814551092563,
0.1259,0.23507374001225095,
0.23408,0.19421801927365218,
0.12864,0.29007086070759336,
0.080911,0.18997363657758756,
0.14623,0.14603165027039838,
0.093768,0.14182472853053577,
0.32906,0.28601892157254644,
0.15418,0.09198447298986209,
0.10232,0.20603160920688293,
0.13746,0.14642143235660185,
0.16936,0.22414280123597438,
0.35272,0.30865258705298626,
0.12768,0.15954086545449273,
0.34783,0.25704150081304605,
0.21176,0.24898606045577665,
0.17426,0.16741629213678932,
0.13695,0.14807055371576944,
0.14615,0.14801620437463167,
0.12409999999999999,0.12631923416444013,
0.090052,0.08562765626825579,
0.13765,0.08105649949908544,
0.43455,0.2963510572089129,
0.3603,0.2581291413122382,
0.1618,0.22571947524365243,
0.41472,0.2816428952151706,
0.092541,0.13771956303224442,
0.26039,0.25543284632313545,
0.37227,0.26147747028866064,
0.12637,0.17136418830279104,
0.038053,0.11623565914475172,
0.39724,0.28320535069674996,
0.10408,0.13509728263012685,
0.099105,0.10024252525984843,
0.3838,0.2960451427311067,
0.18253,0.186557422040712,
0.15224,0.08773203619944171,
0.38409,0.30038820779839265,
0.21142,0.16868305658508118,
0.41772,0.28937656185998906,
0.25158,0.26999892033083084,
0.15029,0.16346387887629557,
0.28238,0.2221694821522271,
0.13699,0.18325686044064474,
0.40766,0.27897697762334417,
0.082101,0.10869994943151585,
0.14783,0.17314715062553315,
0.14904,0.1545987223519157,
0.34141,0.25550273103736715,
0.13194,0.26781637998575913,
0.22394,0.25020787615312523,
0.37574,0.28015462529363877,
0.11328,0.14909402610513486,
0.27565,0.2616443227897858,
0.30064,0.22733823122050142,
0.1238,0.14791735002989898,
0.21426,0.15044474889357662,
0.1197,0.1641054813829745,
0.38334,0.3061597818032433,
0.12556,0.16149314702268486,
0.1734,0.1627405874726827,
0.28572,0.1968143419162973,
0.087263,0.08059809258999016,
0.40401,0.29565058288959567,
0.1564,0.25716052138659756,
0.40049,0.3012291483329797,
0.035155,0.13874482860892345,
0.14299,0.17572243390818448,
0.14635,0.1337267989647285,
0.12698,0.13411513718995563,
0.12663,0.08251726947713052,
0.40098,0.27652652275546374,
0.36533,0.2790361333567194,
0.10963,0.1347496871025782,
0.40008,0.302566301734731,
0.3944,0.3001432141276274,
0.37665,0.31702330367137155,
0.09928,0.10297480014246732,
0.17455,0.18709525552536577,
0.2144,0.1578947363627855,
0.39594,0.2803519173445431,
0.191,0.12589754006713405,
0.067754,0.1720842473314638,
0.18892,0.12280322096929346,
0.11171,0.13169187622788042,
0.098762,0.20126419335319012,
0.15075,0.19099873344231244,
0.14535,0.22346653375382988,
0.15268,0.14610969928172748,
0.12034999999999998,0.14523291646664427,
0.14967,0.26085631373756585,
0.084547,0.10664249572222341,
0.18132,0.17458372414352197,
0.12994,0.13213018485975092,
0.31141,0.2855073158183592,
0.14598,0.15032241022081616,
0.16016,0.12805059059325172,
0.24781,0.2539192160795273,
0.16514,0.18189211940989436,
0.25595,0.24011742856665266,
0.16766,0.17737914432617521,
0.025006,0.2566089056685467,
0.040441,0.12424887801562574,
0.19634,0.17412477046432417,
0.079063,0.11069834423276809,
0.13579,0.1731731487939111,
0.16808,0.2030098377964254,
0.38688,0.2872437873333004,
0.14199,0.12570452221608744,
0.10816,0.13485369696241314,
0.2628,0.26160214181995756,
0.19478,0.19060517743261837,
0.12717,0.14904836565761595,
0.14702,0.08785232397568583,
0.052612,0.27390041828774087,
0.22674,0.2537407536217512,
0.10198,0.14460493869397256,
0.42258,0.30886378802580683,
0.13301,0.15447219008985028,
0.12396,0.13573752713388906,
0.094381,0.10185934496115533,
0.1729,0.17211032949230337,
0.1065,0.08055749631774216,
0.36664,0.298074722834679,
0.095162,0.12218227264838598,
0.14469,0.18029481122692825,
0.41225,0.26376447982676,
0.18845,0.14410418658904492,
0.36292,0.27089567504658124,
0.13317,0.13269190454325655,
0.14732,0.20480607754819755,
0.099806,0.08361497553952528,
0.091198,0.11718404928738221,
0.132,0.11493577294203804,
0.20474,0.26452553926231587,
0.20463,0.205365997847047,
0.17117,0.2468963054282082,
0.18672,0.17804735960840226,
0.38964,0.27984764037469295,
0.043011,0.1167506700690838,
0.057394,0.1411788628122653,
0.27353,0.2566068794304876,
0.14622,0.2928952379766691,
0.12373,0.1099169560903458,
0.14677,0.17530831619952217,
0.12285000000000001,0.10051790221127582,
0.17254,0.14228747810215603,
0.40977,0.2932320515760877,
0.10761,0.19458459521325355,
0.38312,0.2994756551365963,
0.40432,0.3074491108518446,
0.145,0.16098686607837306,
0.36316,0.3175574882002712,
0.097557,0.12694611804131478,
0.014113,0.11343014147622002,
0.36577,0.2394103198984243,
0.13522,0.12812019307434747,
0.42816,0.224482998267483,
0.12717,0.22069791844594794,
0.038294,0.08970823187554246,
0.22901,0.25343723439997407,
0.41042,0.29531069886110717,
0.050545,0.3110150965045075,
0.10756,0.1313156333891089,
0.10264,0.1573190426346613,
0.1824,0.20848368679410034,
0.15042,0.25299294366303926,
0.1587,0.11973118448454961,
0.41188,0.29039497404001313,
0.17187,0.13059889543605138,
0.23393,0.2187986044640537,
0.087949,0.1470240822495013,
0.33357,0.24916470152554795,
0.12204,0.10748758126859176,
0.14078,0.14143411704009407,
0.14564,0.23703203499142023,
0.061635999999999996,0.12905083081645408,
0.35737,0.2568637810071811,
0.068689,0.1033227686601898,
0.15776,0.15906572590399184,
0.23077,0.25143896038518837,
0.20257,0.14429454706829747,
0.11471,0.15862813909687246,
0.12433999999999999,0.08600082719758494,
0.12012,0.09887156142355022,
0.15539,0.1941815109626783,
0.069061,0.3148232925373478,
0.12534,0.19488376770862867,
0.08735,0.11727784355490296,
0.12779,0.09035150580163054,
0.091483,0.11386103634863205,
0.14823,0.12469785660589185,
0.23365000000000002,0.23961710455690594,
0.25565,0.29046814650785857,
0.10212,0.19307967171646692,
0.42923,0.30240035199306514,
0.09184,0.2432260815211804,
0.12206,0.17806099257895788,
0.18556,0.28912426184886414,
0.18708,0.19738543426578148,
0.12986,0.10677753595526987,
0.13449,0.10900996759132718,
0.13278,0.09774419648263698,
0.15034,0.1417896094883939,
0.3631,0.24898943362630285,
0.13554,0.1390047773538654,
0.075019,0.11253602071299933,
0.15655,0.17098674897836055,
0.31926,0.2189539154676662,
0.13513,0.20800357466086752,
0.22176,0.25639790690646674,
0.27175,0.2657008559807661,
